[
	{
		"id": "094353ac-9373-417d-956e-f477ead9b844",
		"equipment_id": "b2826395-f5b9-4cb3-9b25-fc62ec41a4fa",
		"m2_size": "1.5",
		"createdAt": null,
		"updatedAt": null
	},
	{
		"id": "a92032fc-e83c-4771-af15-f2438ff11dfd",
		"equipment_id": "ee73e83a-059a-463c-aaeb-790beac43262",
		"m2_size": "2",
		"createdAt": null,
		"updatedAt": null
	},
	{
		"id": "ca65ad80-7a0f-40c6-a093-fe6dda2c392e",
		"equipment_id": "a2a476a4-82cf-4ed0-802b-f25d0f6c36df",
		"m2_size": "1.75",
		"createdAt": null,
		"updatedAt": null
	},
	{
		"id": "584ead51-a3d8-49d7-b69e-32380bb31825",
		"equipment_id": "81aaba6b-4161-4ab2-9a22-e781fb6cfe68",
		"m2_size": "1",
		"createdAt": null,
		"updatedAt": null
	},
	{
		"id": "f8116283-a8e6-46cc-bfbf-35b149a7d58d",
		"equipment_id": "07987938-b4b5-4a62-a2dc-ee5ffea2e056",
		"m2_size": "108",
		"createdAt": null,
		"updatedAt": "2021-05-25T17:21:23.606Z"
	}
]