[
	{
		"id": "2a1a5117-b923-436f-9b46-8a0869013796",
		"session_id": "2a1a5117-b923-436f-9b46-8a0869013796",
		"logist_id": null,
		"user_type": "client",
		"name": "Cliente",
		"phone": null,
		"active": null,
		"createdAt": null,
		"updatedAt": null
	},
	{
		"id": "bd5eb3d9-e4b8-4b65-a365-adf0ceb12473",
		"session_id": "bd5eb3d9-e4b8-4b65-a365-adf0ceb12473",
		"logist_id": null,
		"user_type": "client",
		"name": "José dos Santos de Deus",
		"phone": "9898-9898",
		"active": true,
		"createdAt": null,
		"updatedAt": null
	}
]