[
	{
		"id": "094353ac-9373-417d-956e-f477ead9b844",
		"equipment_id": "094353ac-9373-417d-956e-f477ead9b844",
		"max_capacity": "150",
		"createdAt": null,
		"updatedAt": "2021-05-25T17:16:18.409Z"
	},
	{
		"id": "584ead51-a3d8-49d7-b69e-32380bb31825",
		"equipment_id": "584ead51-a3d8-49d7-b69e-32380bb31825",
		"max_capacity": "10",
		"createdAt": null,
		"updatedAt": null
	},
	{
		"id": "f8116283-a8e6-46cc-bfbf-35b149a7d58d",
		"equipment_id": "f8116283-a8e6-46cc-bfbf-35b149a7d58d",
		"max_capacity": "40",
		"createdAt": null,
		"updatedAt": null
	},
	{
		"id": "ca65ad80-7a0f-40c6-a093-fe6dda2c392e",
		"equipment_id": "ca65ad80-7a0f-40c6-a093-fe6dda2c392e",
		"max_capacity": "60",
		"createdAt": null,
		"updatedAt": null
	},
	{
		"id": "a92032fc-e83c-4771-af15-f2438ff11dfd",
		"equipment_id": "a92032fc-e83c-4771-af15-f2438ff11dfd",
		"max_capacity": "70",
		"createdAt": null,
		"updatedAt": null
	}
]