[
	{
		"id": "3d7615ae-d514-48a0-b269-6e563984c6ba",
		"logist_id": "3d7615ae-d514-48a0-b269-6e563984c6ba",
		"provider_id": "3d7615ae-d514-48a0-b269-6e563984c6ba",
		"brand_id": "3d7615ae-d514-48a0-b269-6e563984c6ba",
		"name": "Filtro 00001",
		"description": "Autofiltragem automatica de 15 horas",
		"cost": null,
		"profit_margin": null,
		"cash_price": "100.00",
		"forward_price": "140.00",
		"createdAt": null,
		"updatedAt": null
	},
	{
		"id": "584ead51-a3d8-49d7-b69e-32380bb31825",
		"logist_id": "3d7615ae-d514-48a0-b269-6e563984c6ba",
		"provider_id": "584ead51-a3d8-49d7-b69e-32380bb31825",
		"brand_id": "584ead51-a3d8-49d7-b69e-32380bb31825",
		"name": "Motor 00001",
		"description": "Motor 110v de alumínio",
		"cost": null,
		"profit_margin": null,
		"cash_price": "400.00",
		"forward_price": "440.00",
		"createdAt": null,
		"updatedAt": null
	},
	{
		"id": "732f6432-adaf-4fea-9dae-e613c19942ca",
		"logist_id": "554bc422-7d88-430f-a011-80d8c3b43c53",
		"provider_id": "3d7615ae-d514-48a0-b269-6e563984c6ba",
		"brand_id": "3d7615ae-d514-48a0-b269-6e563984c6ba",
		"name": "Filtro 00005",
		"description": "Filtragem manual de 15 horas",
		"cost": null,
		"profit_margin": null,
		"cash_price": "500.00",
		"forward_price": "540.00",
		"createdAt": null,
		"updatedAt": null
	},
	{
		"id": "4129c52f-3d7e-414e-8624-538c1ff859cd",
		"logist_id": "3d7615ae-d514-48a0-b269-6e563984c6ba",
		"provider_id": "3d7615ae-d514-48a0-b269-6e563984c6ba",
		"brand_id": "3d7615ae-d514-48a0-b269-6e563984c6ba",
		"name": "Filtro 00004",
		"description": "Autofiltragem automatica de 18 horas",
		"cost": null,
		"profit_margin": null,
		"cash_price": "400.00",
		"forward_price": "440.00",
		"createdAt": null,
		"updatedAt": null
	},
	{
		"id": "f8116283-a8e6-46cc-bfbf-35b149a7d58d",
		"logist_id": "3d7615ae-d514-48a0-b269-6e563984c6ba",
		"provider_id": "584ead51-a3d8-49d7-b69e-32380bb31825",
		"brand_id": "584ead51-a3d8-49d7-b69e-32380bb31825",
		"name": "Motor 00004",
		"description": "Motor 110v de bronze",
		"cost": null,
		"profit_margin": null,
		"cash_price": "500.00",
		"forward_price": "540.00",
		"createdAt": null,
		"updatedAt": null
	},
	{
		"id": "a92032fc-e83c-4771-af15-f2438ff11dfd",
		"logist_id": "3d7615ae-d514-48a0-b269-6e563984c6ba",
		"provider_id": "584ead51-a3d8-49d7-b69e-32380bb31825",
		"brand_id": "584ead51-a3d8-49d7-b69e-32380bb31825",
		"name": "Motor 00007",
		"description": "Motor 220v de ferro",
		"cost": null,
		"profit_margin": null,
		"cash_price": "100.00",
		"forward_price": "140.00",
		"createdAt": null,
		"updatedAt": null
	},
	{
		"id": "81aaba6b-4161-4ab2-9a22-e781fb6cfe68",
		"logist_id": "3d7615ae-d514-48a0-b269-6e563984c6ba",
		"provider_id": "584ead51-a3d8-49d7-b69e-32380bb31825",
		"brand_id": "584ead51-a3d8-49d7-b69e-32380bb31825",
		"name": "Manta Revestimento 00001",
		"description": "Manta Revestimento 1 m2",
		"cost": null,
		"profit_margin": null,
		"cash_price": "4.00",
		"forward_price": "4.50",
		"createdAt": null,
		"updatedAt": null
	},
	{
		"id": "ca65ad80-7a0f-40c6-a093-fe6dda2c392e",
		"logist_id": "3d7615ae-d514-48a0-b269-6e563984c6ba",
		"provider_id": "584ead51-a3d8-49d7-b69e-32380bb31825",
		"brand_id": "584ead51-a3d8-49d7-b69e-32380bb31825",
		"name": "Motor 00006",
		"description": "Motor 220v de alumínio",
		"cost": null,
		"profit_margin": null,
		"cash_price": "800.00",
		"forward_price": "840.00",
		"createdAt": null,
		"updatedAt": null
	},
	{
		"id": "950cdc92-5b1f-471c-9269-9c56e57f778c",
		"logist_id": "3d7615ae-d514-48a0-b269-6e563984c6ba",
		"provider_id": "3d7615ae-d514-48a0-b269-6e563984c6ba",
		"brand_id": "3d7615ae-d514-48a0-b269-6e563984c6ba",
		"name": "Filtro 00007",
		"description": "Autofiltragem manual de 15 horas",
		"cost": null,
		"profit_margin": null,
		"cash_price": "700.00",
		"forward_price": "740.00",
		"createdAt": null,
		"updatedAt": null
	},
	{
		"id": "b2826395-f5b9-4cb3-9b25-fc62ec41a4fa",
		"logist_id": "3d7615ae-d514-48a0-b269-6e563984c6ba",
		"provider_id": "584ead51-a3d8-49d7-b69e-32380bb31825",
		"brand_id": "584ead51-a3d8-49d7-b69e-32380bb31825",
		"name": "Manta Revestimento 00005",
		"description": "Manta Revestimento 1.5 m2",
		"cost": null,
		"profit_margin": null,
		"cash_price": "6.00",
		"forward_price": "6.40",
		"createdAt": null,
		"updatedAt": null
	},
	{
		"id": "ee73e83a-059a-463c-aaeb-790beac43262",
		"logist_id": "3d7615ae-d514-48a0-b269-6e563984c6ba",
		"provider_id": "584ead51-a3d8-49d7-b69e-32380bb31825",
		"brand_id": "584ead51-a3d8-49d7-b69e-32380bb31825",
		"name": "Manta Revestimento 00007",
		"description": "Manta Revestimento 2 m2",
		"cost": null,
		"profit_margin": null,
		"cash_price": "10.00",
		"forward_price": "14.00",
		"createdAt": null,
		"updatedAt": null
	},
	{
		"id": "a2a476a4-82cf-4ed0-802b-f25d0f6c36df",
		"logist_id": "3d7615ae-d514-48a0-b269-6e563984c6ba",
		"provider_id": "584ead51-a3d8-49d7-b69e-32380bb31825",
		"brand_id": "584ead51-a3d8-49d7-b69e-32380bb31825",
		"name": "Manta Revestimento 00006",
		"description": "Manta Revestimento 1.75 m2",
		"cost": null,
		"profit_margin": null,
		"cash_price": "8.00",
		"forward_price": "8.40",
		"createdAt": null,
		"updatedAt": null
	},
	{
		"id": "e402c546-9ef6-4590-9380-e1a71d824dc6",
		"logist_id": "3d7615ae-d514-48a0-b269-6e563984c6ba",
		"provider_id": "584ead51-a3d8-49d7-b69e-32380bb31825",
		"brand_id": "584ead51-a3d8-49d7-b69e-32380bb31825",
		"name": "Perfil de 4 metros",
		"description": "4 metros",
		"cost": null,
		"profit_margin": null,
		"cash_price": "6.00",
		"forward_price": "6.40",
		"createdAt": null,
		"updatedAt": null
	},
	{
		"id": "8861e375-db98-4de8-a061-daf6125f74b2",
		"logist_id": "3d7615ae-d514-48a0-b269-6e563984c6ba",
		"provider_id": "584ead51-a3d8-49d7-b69e-32380bb31825",
		"brand_id": "584ead51-a3d8-49d7-b69e-32380bb31825",
		"name": "Perfil de 6 metros",
		"description": "6 metros",
		"cost": null,
		"profit_margin": null,
		"cash_price": "10.00",
		"forward_price": "14.00",
		"createdAt": null,
		"updatedAt": null
	},
	{
		"id": "b17b4064-accf-4429-a482-7d9183df0f43",
		"logist_id": "3d7615ae-d514-48a0-b269-6e563984c6ba",
		"provider_id": "584ead51-a3d8-49d7-b69e-32380bb31825",
		"brand_id": "584ead51-a3d8-49d7-b69e-32380bb31825",
		"name": "Tampa de 2x2 metros",
		"description": "2 metros de ferro",
		"cost": null,
		"profit_margin": null,
		"cash_price": "5.00",
		"forward_price": "5.40",
		"createdAt": null,
		"updatedAt": null
	},
	{
		"id": "83c0fb2c-088f-4246-9655-959d2c5d6eec",
		"logist_id": "3d7615ae-d514-48a0-b269-6e563984c6ba",
		"provider_id": "584ead51-a3d8-49d7-b69e-32380bb31825",
		"brand_id": "584ead51-a3d8-49d7-b69e-32380bb31825",
		"name": "Perfil de 2 metros",
		"description": "2 metros",
		"cost": null,
		"profit_margin": null,
		"cash_price": "5.00",
		"forward_price": "5.40",
		"createdAt": null,
		"updatedAt": null
	},
	{
		"id": "de7438f3-46c4-4688-a097-47c81d9e12ea",
		"logist_id": "3d7615ae-d514-48a0-b269-6e563984c6ba",
		"provider_id": "584ead51-a3d8-49d7-b69e-32380bb31825",
		"brand_id": "584ead51-a3d8-49d7-b69e-32380bb31825",
		"name": "Perfil de 1 metros",
		"description": "1 metro",
		"cost": null,
		"profit_margin": null,
		"cash_price": "4.00",
		"forward_price": "4.50",
		"createdAt": null,
		"updatedAt": null
	},
	{
		"id": "b751bc99-208c-49e6-9ffe-02fa2cc56a13",
		"logist_id": "3d7615ae-d514-48a0-b269-6e563984c6ba",
		"provider_id": "584ead51-a3d8-49d7-b69e-32380bb31825",
		"brand_id": "584ead51-a3d8-49d7-b69e-32380bb31825",
		"name": "Tampa de 1x1 metros",
		"description": "1x1 metro de aço",
		"cost": null,
		"profit_margin": null,
		"cash_price": "4.00",
		"forward_price": "4.50",
		"createdAt": null,
		"updatedAt": null
	},
	{
		"id": "9086b35e-a87a-4b89-ab99-f1a012c03ada",
		"logist_id": "3d7615ae-d514-48a0-b269-6e563984c6ba",
		"provider_id": "584ead51-a3d8-49d7-b69e-32380bb31825",
		"brand_id": "584ead51-a3d8-49d7-b69e-32380bb31825",
		"name": "Tampa de 6x6 metros",
		"description": "6x6 metros de aço",
		"cost": null,
		"profit_margin": null,
		"cash_price": "10.00",
		"forward_price": "14.00",
		"createdAt": null,
		"updatedAt": null
	},
	{
		"id": "bdcd27b8-a759-4cdc-947e-b10dfc7691c3",
		"logist_id": "3d7615ae-d514-48a0-b269-6e563984c6ba",
		"provider_id": "584ead51-a3d8-49d7-b69e-32380bb31825",
		"brand_id": "584ead51-a3d8-49d7-b69e-32380bb31825",
		"name": "Vinil 00001",
		"description": "Vinil 1 m2",
		"cost": null,
		"profit_margin": null,
		"cash_price": "24.00",
		"forward_price": "25.50",
		"createdAt": null,
		"updatedAt": null
	},
	{
		"id": "ace039aa-1179-42d4-8d2f-9057c92006ca",
		"logist_id": "3d7615ae-d514-48a0-b269-6e563984c6ba",
		"provider_id": "584ead51-a3d8-49d7-b69e-32380bb31825",
		"brand_id": "584ead51-a3d8-49d7-b69e-32380bb31825",
		"name": "Tampa de 5x5 metros",
		"description": "5x5 metros de ferro",
		"cost": null,
		"profit_margin": null,
		"cash_price": "8.00",
		"forward_price": "8.40",
		"createdAt": null,
		"updatedAt": null
	},
	{
		"id": "c2ee98ea-9198-4cd4-91a2-a72474c0b610",
		"logist_id": "3d7615ae-d514-48a0-b269-6e563984c6ba",
		"provider_id": "584ead51-a3d8-49d7-b69e-32380bb31825",
		"brand_id": "584ead51-a3d8-49d7-b69e-32380bb31825",
		"name": "Vinil 00004",
		"description": "Vinil 1 m2",
		"cost": null,
		"profit_margin": null,
		"cash_price": "25.00",
		"forward_price": "27.40",
		"createdAt": null,
		"updatedAt": null
	},
	{
		"id": "97cab750-7d65-4d30-aa1a-a5907c0b54df",
		"logist_id": "3d7615ae-d514-48a0-b269-6e563984c6ba",
		"provider_id": "584ead51-a3d8-49d7-b69e-32380bb31825",
		"brand_id": "584ead51-a3d8-49d7-b69e-32380bb31825",
		"name": "Vinil 00005",
		"description": "Vinil 1.5 m2",
		"cost": null,
		"profit_margin": null,
		"cash_price": "46.00",
		"forward_price": "48.40",
		"createdAt": null,
		"updatedAt": null
	},
	{
		"id": "6002dfb8-cb81-4caa-8ac7-3eca78321fb4",
		"logist_id": "3d7615ae-d514-48a0-b269-6e563984c6ba",
		"provider_id": "584ead51-a3d8-49d7-b69e-32380bb31825",
		"brand_id": "584ead51-a3d8-49d7-b69e-32380bb31825",
		"name": "Vinil 00007",
		"description": "Vinil 2 m2",
		"cost": null,
		"profit_margin": null,
		"cash_price": "50.00",
		"forward_price": "54.00",
		"createdAt": null,
		"updatedAt": null
	},
	{
		"id": "07987938-b4b5-4a62-a2dc-ee5ffea2e056",
		"logist_id": "3d7615ae-d514-48a0-b269-6e563984c6ba",
		"provider_id": "3d7615ae-d514-48a0-b269-6e563984c6ba",
		"brand_id": "3d7615ae-d514-48a0-b269-6e563984c6ba",
		"name": "Manta 00004",
		"description": "Manta Revestimento 1 m2",
		"cost": null,
		"profit_margin": null,
		"cash_price": "5.00",
		"forward_price": "5.40",
		"createdAt": null,
		"updatedAt": "2021-05-25T17:21:27.052Z"
	},
	{
		"id": "3d591fb8-a991-44f7-a729-41b8058e2c91",
		"logist_id": "3d7615ae-d514-48a0-b269-6e563984c6ba",
		"provider_id": "3d7615ae-d514-48a0-b269-6e563984c6ba",
		"brand_id": "3d7615ae-d514-48a0-b269-6e563984c6ba",
		"name": "Tampa de 4x4 metros",
		"description": "4x4 metros de aço",
		"cost": null,
		"profit_margin": null,
		"cash_price": "6.00",
		"forward_price": "6.40",
		"createdAt": null,
		"updatedAt": "2021-05-25T17:24:01.614Z"
	},
	{
		"id": "57c94d89-4a6d-4537-b083-70eea96ef760",
		"logist_id": "3d7615ae-d514-48a0-b269-6e563984c6ba",
		"provider_id": "3d7615ae-d514-48a0-b269-6e563984c6ba",
		"brand_id": "584ead51-a3d8-49d7-b69e-32380bb31825",
		"name": "MX 89",
		"description": "Filtragem automatica de 46 horas",
		"cost": null,
		"profit_margin": null,
		"cash_price": "600.00",
		"forward_price": "640.00",
		"createdAt": null,
		"updatedAt": "2021-05-25T16:52:20.061Z"
	},
	{
		"id": "e3504084-2349-485f-97a3-04e9a1d0ee4f",
		"logist_id": "3d7615ae-d514-48a0-b269-6e563984c6ba",
		"provider_id": "3d7615ae-d514-48a0-b269-6e563984c6ba",
		"brand_id": "3d7615ae-d514-48a0-b269-6e563984c6ba",
		"name": "Perfil de 5m",
		"description": "5 metros",
		"cost": null,
		"profit_margin": null,
		"cash_price": "8.00",
		"forward_price": "8.40",
		"createdAt": null,
		"updatedAt": "2021-05-25T17:27:42.536Z"
	},
	{
		"id": "1b12cd19-7bb6-44ed-a67f-2b1191a3a3e9",
		"logist_id": "3d7615ae-d514-48a0-b269-6e563984c6ba",
		"provider_id": "584ead51-a3d8-49d7-b69e-32380bb31825",
		"brand_id": "584ead51-a3d8-49d7-b69e-32380bb31825",
		"name": "Vinil 00006",
		"description": "Vinil 1.75 m2",
		"cost": null,
		"profit_margin": null,
		"cash_price": "48.00",
		"forward_price": "50.40",
		"createdAt": null,
		"updatedAt": null
	},
	{
		"id": "094353ac-9373-417d-956e-f477ead9b844",
		"logist_id": "3d7615ae-d514-48a0-b269-6e563984c6ba",
		"provider_id": "3d7615ae-d514-48a0-b269-6e563984c6ba",
		"brand_id": "3d7615ae-d514-48a0-b269-6e563984c6ba",
		"name": "Motor 00005",
		"description": "Motor 110v de ferro",
		"cost": null,
		"profit_margin": null,
		"cash_price": "600.00",
		"forward_price": "640.00",
		"createdAt": null,
		"updatedAt": "2021-05-25T17:16:18.318Z"
	}
]