[
	{
		"id": "950cdc92-5b1f-471c-9269-9c56e57f778c",
		"equipment_id": "950cdc92-5b1f-471c-9269-9c56e57f778c",
		"engine_id": null,
		"lid_id": null,
		"max_capacity": "140.50",
		"createdAt": null,
		"updatedAt": null
	},
	{
		"id": "732f6432-adaf-4fea-9dae-e613c19942ca",
		"equipment_id": "732f6432-adaf-4fea-9dae-e613c19942ca",
		"engine_id": null,
		"lid_id": null,
		"max_capacity": "80.50",
		"createdAt": null,
		"updatedAt": null
	},
	{
		"id": "3d7615ae-d514-48a0-b269-6e563984c6ba",
		"equipment_id": "3d7615ae-d514-48a0-b269-6e563984c6ba",
		"engine_id": null,
		"lid_id": null,
		"max_capacity": "40.50",
		"createdAt": null,
		"updatedAt": null
	}
]