[
	{
		"id": "f8116283-a8e6-46cc-bfbf-35b149a7d58d",
		"equipment_id": "b17b4064-accf-4429-a482-7d9183df0f43",
		"createdAt": null,
		"updatedAt": null
	},
	{
		"id": "a92032fc-e83c-4771-af15-f2438ff11dfd",
		"equipment_id": "9086b35e-a87a-4b89-ab99-f1a012c03ada",
		"createdAt": null,
		"updatedAt": null
	},
	{
		"id": "584ead51-a3d8-49d7-b69e-32380bb31825",
		"equipment_id": "b751bc99-208c-49e6-9ffe-02fa2cc56a13",
		"createdAt": null,
		"updatedAt": null
	},
	{
		"id": "094353ac-9373-417d-956e-f477ead9b844",
		"equipment_id": "3d591fb8-a991-44f7-a729-41b8058e2c91",
		"createdAt": null,
		"updatedAt": null
	},
	{
		"id": "ca65ad80-7a0f-40c6-a093-fe6dda2c392e",
		"equipment_id": "ace039aa-1179-42d4-8d2f-9057c92006ca",
		"createdAt": null,
		"updatedAt": null
	}
]