[
	{
		"id": "3d7615ae-d514-48a0-b269-6e563984c6ba",
		"session_id": "3d7615ae-d514-48a0-b269-6e563984c6ba",
		"user_type": "logist",
		"name": "Lojista",
		"document": null,
		"phone": null,
		"active": null,
		"createdAt": null,
		"updatedAt": null
	},
	{
		"id": "554bc422-7d88-430f-a011-80d8c3b43c53",
		"session_id": "554bc422-7d88-430f-a011-80d8c3b43c53",
		"user_type": "logist",
		"name": "Nova Loja",
		"document": null,
		"phone": null,
		"active": null,
		"createdAt": null,
		"updatedAt": null
	}
]