[
	{
		"id": "d8caaa4f-2366-4a8d-adcb-e32b2e6ed289",
		"name": "manager",
		"createdAt": null,
		"updatedAt": null
	},
	{
		"id": "584ead51-a3d8-49d7-b69e-32380bb31825",
		"name": "employee",
		"createdAt": null,
		"updatedAt": null
	},
	{
		"id": "2a1a5117-b923-436f-9b46-8a0869013796",
		"name": "admin",
		"createdAt": null,
		"updatedAt": null
	},
	{
		"id": "3d7615ae-d514-48a0-b269-6e563984c6ba",
		"name": "seller",
		"createdAt": null,
		"updatedAt": null
	},
	{
		"id": "98121754-4a25-4b02-addf-cf15374b2d8d",
		"name": "logist",
		"createdAt": null,
		"updatedAt": null
	}
]