[
	{
		"id": "f8116283-a8e6-46cc-bfbf-35b149a7d58d",
		"equipment_id": "83c0fb2c-088f-4246-9655-959d2c5d6eec",
		"size": "1",
		"createdAt": null,
		"updatedAt": null
	},
	{
		"id": "ca65ad80-7a0f-40c6-a093-fe6dda2c392e",
		"equipment_id": "e3504084-2349-485f-97a3-04e9a1d0ee4f",
		"size": "1.89",
		"createdAt": null,
		"updatedAt": "2021-05-25T17:27:42.548Z"
	},
	{
		"id": "094353ac-9373-417d-956e-f477ead9b844",
		"equipment_id": "e402c546-9ef6-4590-9380-e1a71d824dc6",
		"size": "1.5",
		"createdAt": null,
		"updatedAt": null
	},
	{
		"id": "584ead51-a3d8-49d7-b69e-32380bb31825",
		"equipment_id": "de7438f3-46c4-4688-a097-47c81d9e12ea",
		"size": "1",
		"createdAt": null,
		"updatedAt": null
	},
	{
		"id": "a92032fc-e83c-4771-af15-f2438ff11dfd",
		"equipment_id": "8861e375-db98-4de8-a061-daf6125f74b2",
		"size": "2",
		"createdAt": null,
		"updatedAt": null
	}
]