[
	{
		"id": "584ead51-a3d8-49d7-b69e-32380bb31825",
		"logist_id": null,
		"name": "Fornecedor B",
		"description": null,
		"createdAt": null,
		"updatedAt": null
	},
	{
		"id": "820fe612-2a51-44aa-bc75-5bc7f100f0cb",
		"logist_id": null,
		"name": "Teste",
		"description": null,
		"createdAt": "2021-05-28T17:34:30.119Z",
		"updatedAt": "2021-05-28T17:34:30.120Z"
	},
	{
		"id": "3d7615ae-d514-48a0-b269-6e563984c6ba",
		"logist_id": null,
		"name": "MXS Equipamentos",
		"description": null,
		"createdAt": null,
		"updatedAt": "2021-05-28T17:35:04.977Z"
	}
]