[
	{
		"id": "3d7615ae-d514-48a0-b269-6e563984c6ba",
		"table": "logists",
		"mail": "contato@logista.com.br",
		"password": "$2a$08$Bu55m3xl4UUyV7j8cFX1n.GCC/HiqkBzDmTbLxFzjN52A2f/KzWfC",
		"active": true,
		"active_hash": null,
		"password_hash": null,
		"last_login": null,
		"createdAt": null,
		"updatedAt": null
	},
	{
		"id": "584ead51-a3d8-49d7-b69e-32380bb31825",
		"table": "sellers",
		"mail": "vendedor@logista.com.br",
		"password": "$2a$08$Bu55m3xl4UUyV7j8cFX1n.GCC/HiqkBzDmTbLxFzjN52A2f/KzWfC",
		"active": true,
		"active_hash": null,
		"password_hash": null,
		"last_login": null,
		"createdAt": null,
		"updatedAt": null
	},
	{
		"id": "bd5eb3d9-e4b8-4b65-a365-adf0ceb12473",
		"table": "clients",
		"mail": "contato@cliente-novo.com.br",
		"password": "$2a$08$Bu55m3xl4UUyV7j8cFX1n.GCC/HiqkBzDmTbLxFzjN52A2f/KzWfC",
		"active": true,
		"active_hash": null,
		"password_hash": null,
		"last_login": null,
		"createdAt": null,
		"updatedAt": null
	},
	{
		"id": "2a1a5117-b923-436f-9b46-8a0869013796",
		"table": "clients",
		"mail": "contato@cliente.com.br",
		"password": "$2a$08$Bu55m3xl4UUyV7j8cFX1n.GCC/HiqkBzDmTbLxFzjN52A2f/KzWfC",
		"active": true,
		"active_hash": null,
		"password_hash": null,
		"last_login": null,
		"createdAt": null,
		"updatedAt": null
	},
	{
		"id": "554bc422-7d88-430f-a011-80d8c3b43c53",
		"table": "logists",
		"mail": "contato@novaloja.com.br",
		"password": "$2a$08$CZpmmlwNhKJ/g3UIhTSSz.2VPSRfV7c6W0NvOhJxkPJQcvVySn3pC",
		"active": true,
		"active_hash": null,
		"password_hash": null,
		"last_login": "2021-05-28T17:14:06.622Z",
		"createdAt": null,
		"updatedAt": "2021-05-28T17:16:15.029Z"
	},
	{
		"id": "98121754-4a25-4b02-addf-cf15374b2d8d",
		"table": "users",
		"mail": "admin@orcap.com.br",
		"password": "$2a$08$Bu55m3xl4UUyV7j8cFX1n.GCC/HiqkBzDmTbLxFzjN52A2f/KzWfC",
		"active": true,
		"active_hash": null,
		"password_hash": null,
		"last_login": null,
		"createdAt": null,
		"updatedAt": null
	}
]