[
	{
		"id": "ca65ad80-7a0f-40c6-a093-fe6dda2c392e",
		"equipment_id": "1b12cd19-7bb6-44ed-a67f-2b1191a3a3e9",
		"m2_size": "1.75",
		"thickness": null,
		"createdAt": null,
		"updatedAt": null
	},
	{
		"id": "094353ac-9373-417d-956e-f477ead9b844",
		"equipment_id": "97cab750-7d65-4d30-aa1a-a5907c0b54df",
		"m2_size": "1.5",
		"thickness": null,
		"createdAt": null,
		"updatedAt": null
	},
	{
		"id": "a92032fc-e83c-4771-af15-f2438ff11dfd",
		"equipment_id": "6002dfb8-cb81-4caa-8ac7-3eca78321fb4",
		"m2_size": "2",
		"thickness": null,
		"createdAt": null,
		"updatedAt": null
	},
	{
		"id": "584ead51-a3d8-49d7-b69e-32380bb31825",
		"equipment_id": "bdcd27b8-a759-4cdc-947e-b10dfc7691c3",
		"m2_size": "1",
		"thickness": null,
		"createdAt": null,
		"updatedAt": null
	},
	{
		"id": "f8116283-a8e6-46cc-bfbf-35b149a7d58d",
		"equipment_id": "c2ee98ea-9198-4cd4-91a2-a72474c0b610",
		"m2_size": "1",
		"thickness": null,
		"createdAt": null,
		"updatedAt": null
	}
]